{"cameraMode":{"drawMode":0,"name":"Shaded","section":"Shading Mode"},"sceneLighting":false,"audioPlay":false,"sceneViewState":{"showFog":true,"showMaterialUpdate":true,"showSkybox":false,"showFlares":true,"showImageEffects":true,"showParticleSystems":true},"in2DMode":false,"pivot":{"x":-3.4746947288513185,"y":0.5250946879386902,"z":0.013204704038798809},"rotation":{"x":0.02412082813680172,"y":-0.9633607268333435,"z":0.09276808053255081,"w":0.25050532817840578},"size":6.300058364868164,"orthographic":false}