{"cameraMode":{"drawMode":0,"name":"Shaded","section":"Shading Mode"},"sceneLighting":true,"audioPlay":false,"sceneViewState":{"showFog":true,"showMaterialUpdate":true,"showSkybox":true,"showFlares":true,"showImageEffects":true,"showParticleSystems":true},"in2DMode":false,"pivot":{"x":-1.270234227180481,"y":1.0199999809265137,"z":0.0},"rotation":{"x":0.07612483203411102,"y":-0.0194172915071249,"z":0.0015285054687410594,"w":0.9969698786735535},"size":4.041658401489258,"orthographic":false}